{
  "125.089996338": {
    "exp+1": 145.32106018066406,
    "exp+2": 193.1484832763672,
    "exp-1": 75.39639282226562,
    "exp-2": 56.740234375,
    "exp0": 104.5
  }
}